{"cameraMode":{"drawMode":0,"name":"Shaded","section":"Shading Mode"},"sceneLighting":false,"audioPlay":false,"sceneViewState":{"showFog":true,"showMaterialUpdate":false,"showSkybox":false,"showFlares":true,"showImageEffects":true,"showParticleSystems":true},"in2DMode":false,"pivot":{"x":-72.30000305175781,"y":1.1000003814697266,"z":141.0},"rotation":{"x":0.3029087781906128,"y":-0.021364949643611909,"z":0.006828702986240387,"w":0.9528032541275024},"size":28.89957618713379,"orthographic":false}