{"cameraMode":{"drawMode":0,"name":"Shaded","section":"Shading Mode"},"sceneLighting":true,"audioPlay":false,"sceneViewState":{"showFog":true,"showMaterialUpdate":false,"showSkybox":true,"showFlares":true,"showImageEffects":true,"showParticleSystems":true},"in2DMode":false,"pivot":{"x":75.87298583984375,"y":361.71820068359377,"z":-931.1407470703125},"rotation":{"x":-0.3335261642932892,"y":0.5993427634239197,"z":-0.3022461533546448,"w":-0.662176251411438},"size":413.07427978515627,"orthographic":false}